Source,Target,Source_repo,Target_repo
918978,918979,releases,openstack-ansible
917082,887389,devstack-plugin-ceph,manila-tempest-plugin
916007,916009,project-config,governance
913612,714728,charms.openstack,openstack-zuul-jobs
913611,714728,charms.openstack,openstack-zuul-jobs
911096,911095,magnum,magnum-tempest-plugin
910580,910581,project-config,governance
910239,910240,project-config,governance
910018,910019,project-config,governance
907207,857003,ansible-collection-kolla,kolla-ansible
905571,901480,vitrage,vitrage-tempest-plugin
903099,903095,requirements,cinder
902318,714728,charms.openstack,openstack-zuul-jobs
902317,714728,charms.openstack,openstack-zuul-jobs
901430,901231,neutron,requirements
899158,866372,openstack-ansible,openstack-ansible
898238,909860,neutron,neutron-tempest-plugin
898015,798503,project-config,js-openstack-lib
897972,887389,devstack-plugin-ceph,manila-tempest-plugin
897447,897356,openstack-ansible-os_rally,openstack-ansible
894541,894915,project-config,governance
894459,894460,devstack,ironic
893831,893833,governance,releases
893831,893810,governance,election
893117,893118,project-config,governance
893026,893025,neutron-lib,neutron
892640,892633,tempest,nova
892638,892635,tempest,nova
890601,890592,watcher-tempest-plugin,tempest
890599,890592,manila-tempest-plugin,tempest
890598,890592,barbican-tempest-plugin,tempest
887224,885799,keystone,keystone-tempest-plugin
883740,879890,openstack-ansible-os_neutron,openstack-ansible
882808,882561,manila,manila-tempest-plugin
882211,882175,oslo.cache,openstack-zuul-jobs
882210,882175,oslo.concurrency,openstack-zuul-jobs
882209,882175,oslo.i18n,openstack-zuul-jobs
882208,882175,oslo.privsep,openstack-zuul-jobs
882207,882175,oslo.metrics,openstack-zuul-jobs
882206,882175,oslo.middleware,openstack-zuul-jobs
882205,882175,oslo.serialization,openstack-zuul-jobs
882204,882175,futurist,openstack-zuul-jobs
882203,882175,tooz,openstack-zuul-jobs
882202,882175,oslo.config,openstack-zuul-jobs
882201,882175,oslo.log,openstack-zuul-jobs
882200,882175,oslo.utils,openstack-zuul-jobs
882199,882175,oslo.context,openstack-zuul-jobs
882198,882175,oslo.reports,openstack-zuul-jobs
882197,882175,oslo.limit,openstack-zuul-jobs
882196,882175,oslo.service,openstack-zuul-jobs
882195,882175,stevedore,openstack-zuul-jobs
882194,882175,debtcollector,openstack-zuul-jobs
882193,882175,oslo.vmware,openstack-zuul-jobs
882192,882175,oslo.db,openstack-zuul-jobs
882191,882175,oslo.versionedobjects,openstack-zuul-jobs
882190,882175,taskflow,openstack-zuul-jobs
882069,882175,castellan,openstack-zuul-jobs
882068,882175,oslo.rootwrap,openstack-zuul-jobs
882067,882175,oslo.upgradecheck,openstack-zuul-jobs
882066,882175,oslotest,openstack-zuul-jobs
882065,882175,etcd3gw,openstack-zuul-jobs
882064,882175,oslo.tools,openstack-zuul-jobs
882063,882175,microversion-parse,openstack-zuul-jobs
882062,882175,oslo.policy,openstack-zuul-jobs
880013,880012,project-config,patrole
878662,857031,neutron,neutron-tempest-plugin
877899,874797,neutron,neutron
877831,870030,neutron,neutron-specs
877712,870030,neutron,neutron-specs
876747,887389,devstack-plugin-ceph,manila-tempest-plugin
875782,876434,openstack-ansible-rabbitmq_server,openstack-ansible
875757,871189,ansible-role-pki,openstack-ansible
873845,873843,governance,project-config
872048,871864,manila-tempest-plugin,manila
869525,866218,placement,nova
869025,866372,openstack-ansible,openstack-ansible
866697,866126,openstack-ansible-os_nova,openstack-ansible
866694,866126,openstack-ansible-os_cinder,openstack-ansible
866686,866126,openstack-ansible-os_glance,openstack-ansible
866684,866126,openstack-ansible-os_keystone,openstack-ansible
865961,862924,openstack-ansible-os_neutron,openstack-ansible
864993,864920,ansible-collection-kolla,kolla-ansible
864948,860795,devstack-plugin-ceph,devstack
864946,860795,swift,devstack
863955,864067,project-config,governance
863954,863958,project-config,governance
863581,851099,requirements,swift
863165,863166,project-config,governance
863158,863161,project-config,governance
858606,858554,diskimage-builder,project-config
858018,857031,neutron,neutron-tempest-plugin
855017,854985,kolla-ansible,ansible-collection-kolla
853589,853503,tripleo-upgrade,tripleo-quickstart
852935,852769,requirements,aodh
851839,851838,kayobe,kolla-ansible
849229,847272,openstack-ansible-os_rally,openstack-ansible
848718,847272,openstack-ansible-os_rally,openstack-ansible
848666,847272,openstack-ansible-os_rally,openstack-ansible
848589,847272,openstack-ansible-os_horizon,openstack-ansible
844850,843573,openstack-ansible-ops,openstack-ansible-ops
844500,844490,project-config,security-analysis
844501,844463,project-config,governance
844490,844501,security-analysis,project-config
843534,843535,project-config,governance
840677,840674,tripleo-ansible,tripleo-heat-templates
840321,840322,tripleo-ansible,tripleo-heat-templates
839715,836664,kolla-ansible,kolla
839715,836664,kolla-ansible,kolla
839715,836664,kolla-ansible,kolla
838906,836644,tripleo-ansible,tripleo-heat-templates
838907,838904,tripleo-ansible,tripleo-heat-templates
838508,838507,tripleo-ansible,tripleo-heat-templates
836708,836706,openstack-health,governance
836707,836706,project-config,governance
836701,836704,tempest-lib,governance
834692,832159,kolla,kolla-ansible
832163,832159,kolla,kolla-ansible
830504,825357,ansible-collection-kolla,kolla-ansible
829258,658473,openstack-ansible,openstack-ansible
826675,812111,nova,nova
826675,822053,nova,nova
826601,808961,nova,neutron
825932,816569,cinder,tempest
825931,816569,cinder,tempest
825054,823860,bifrost,kolla-ansible
825053,823860,bifrost,kolla-ansible
824969,824681,kolla-ansible,kolla-ansible
824968,824681,kolla-ansible,kolla-ansible
824967,824681,kolla-ansible,kolla-ansible
824966,824681,kolla-ansible,kolla-ansible
824903,824681,kolla-ansible,kolla-ansible
823559,823555,bifrost,kolla-ansible
823557,823555,kolla,kolla-ansible
823268,823266,kayobe-config-dev,kayobe
823093,823071,kolla-ansible,kolla
822811,822743,kolla-ansible,bifrost
821388,777061,requirements,openstack-ansible
820379,820244,puppet-tripleo,releases
820196,658473,openstack-ansible,openstack-ansible
820126,818536,neutron-vpnaas,neutron-lib
820125,818536,neutron,neutron-lib
819326,819331,project-config,governance
819055,818614,python-openstackclient,requirements
818548,818391,oslo.service,neutron
818514,812111,os-traits,nova
816576,816569,requirements,tempest
816574,816569,nova,tempest
816573,816569,cinder,tempest
816572,816569,glance,tempest
816571,816569,keystone,tempest
815869,815868,governance,governance-sigs
815294,815265,neutron-tempest-plugin,neutron-dynamic-routing
813008,813039,kolla,kolla-ansible
811034,811014,kolla-ansible,kolla
806187,805452,devstack,tempest
806186,805452,devstack,tempest
800853,800143,project-config,neutron-lbaas
800853,800144,project-config,neutron-lbaas-dashboard
800840,800835,project-config,searchlight
800698,800532,pymod2pkg,project-config
800693,800532,devstack-gate,project-config
800692,800532,pbr,project-config
800691,800532,openstack-zuul-jobs,project-config
799084,798955,requirements,openstack-ansible
796980,796963,project-config,openstack-specs
796978,796967,project-config,workload-ref-archs
796976,796970,project-config,governance-uc
796975,796965,project-config,project-navigator-data
796974,796966,project-config,enterprise-wg
796973,796967,project-config,workload-ref-archs
796972,796968,project-config,ops-tags-team
796971,796969,project-config,uc-recognition
793432,793431,project-config,openstack-zuul-jobs
792966,792952,puppet-openstack-integration,puppet-openstack_extras
791745,791645,project-config,tripleo-operator-ansible
788821,787458,neutron-specs,nova-specs
787433,769974,openstack-ansible-os_gnocchi,openstack-ansible
783820,783828,hacking,tripleo-heat-templates
780786,766100,tripleo-quickstart-extras,puppet-ironic
780073,778957,devstack,ironic
778650,778665,tripleo-heat-templates,tripleo-ansible
778650,778655,tripleo-heat-templates,tripleo-ansible
778650,778654,tripleo-heat-templates,tripleo-ansible
778650,771657,tripleo-heat-templates,tripleo-ansible
778649,778665,tripleo-heat-templates,tripleo-ansible
778649,778655,tripleo-heat-templates,tripleo-ansible
778649,778654,tripleo-heat-templates,tripleo-ansible
778649,771657,tripleo-heat-templates,tripleo-ansible
778648,778665,tripleo-heat-templates,tripleo-ansible
778648,778655,tripleo-heat-templates,tripleo-ansible
778648,778654,tripleo-heat-templates,tripleo-ansible
778648,771657,tripleo-heat-templates,tripleo-ansible
778456,778665,tripleo-heat-templates,tripleo-ansible
778456,778655,tripleo-heat-templates,tripleo-ansible
778456,778654,tripleo-heat-templates,tripleo-ansible
778456,771657,tripleo-heat-templates,tripleo-ansible
777025,776998,requirements,python-swiftclient
775827,774730,charm-guide,charm-neutron-openvswitch
774378,774379,project-config,governance
773385,773383,project-config,governance
769966,769935,openstack-ansible-os_tempest,openstack-ansible-os_ironic
769385,770215,kolla,kolla-ansible
769201,766100,tripleo-quickstart-extras,puppet-ironic
768735,764058,project-config,tempest
767964,767032,os-service-types,karbor
767963,767032,rpm-packaging,karbor
767962,767032,service-types-authority,karbor
767961,767032,kayobe,karbor
767665,767666,project-config,governance
767639,767032,kolla-ansible,karbor
767636,767032,kolla,karbor
767436,767032,kayobe-config-dev,karbor
767435,767032,kayobe-config,karbor
767246,767032,pymod2pkg,karbor
767238,767034,horizon,karbor-dashboard
767062,767032,project-config,karbor
767062,767034,project-config,karbor-dashboard
767062,767033,project-config,python-karborclient
765799,765800,project-config,governance
765781,770215,kolla,kolla-ansible
764576,764526,pymod2pkg,searchlight
764575,764526,kayobe-config-dev,searchlight
764574,764526,kayobe-config,searchlight
764571,764526,openstackclient,searchlight
764569,764526,python-openstackclient,searchlight
764568,764526,kayobe,searchlight
764567,764528,horizon,searchlight-ui
764566,764526,kolla,searchlight
764565,764526,kolla-ansible,searchlight
764562,764522,horizon,qinling-dashboard
764561,764521,rpm-packaging,qinling
764560,764521,kolla-ansible,qinling
764559,764521,kolla,qinling
764557,764521,pymod2pkg,qinling
764556,764521,openstackclient,qinling
764556,764526,openstackclient,searchlight
764555,764521,kayobe-config-dev,qinling
764554,764521,kayobe-config,qinling
764548,764521,openstack-manuals,qinling
764543,764521,operations-guide,qinling
764542,764521,security-doc,qinling
764541,764521,kayobe,qinling
764540,764521,mistral-extra,qinling
764539,764527,openstack-manuals,searchlight-specs
764534,764526,project-config,searchlight
764534,764529,project-config,python-searchlightclient
764534,764528,project-config,searchlight-ui
764534,764527,project-config,searchlight-specs
764532,764521,project-config,qinling
764532,764525,project-config,python-qinlingclient
764532,764522,project-config,qinling-dashboard
764529,764530,python-searchlightclient,governance
764528,764530,searchlight-ui,governance
764527,764530,searchlight-specs,governance
764526,764530,searchlight,governance
764525,764523,python-qinlingclient,governance
764522,764523,qinling-dashboard,governance
764521,764523,qinling,governance
763048,755576,openstack-ansible,openstack-ansible-os_octavia
761806,754653,openstack-ansible,openstack-ansible-os_manila
760771,754653,openstack-ansible,openstack-ansible-os_manila
760195,759471,openstack-ansible,openstack-ansible-os_magnum
759932,759472,openstack-ansible-os_tempest,openstack-ansible-os_magnum
759426,759396,openstack-ansible,openstack-ansible-os_manila
759082,759084,openstack-ansible,openstack-ansible-os_barbican
757854,739646,openstack-ansible,openstack-ansible-os_manila
756313,756310,openstack-ansible-os_adjutant,openstack-ansible
755737,755576,openstack-ansible,openstack-ansible-os_octavia
755497,755586,openstack-ansible,openstack-ansible-galera_server
754347,754346,puppet-tripleo,releases
753404,753403,tripleo-quickstart-extras,tripleo-ci
752736,750475,requirements,python-swiftclient
749995,749986,project-config,project-config
749576,749534,kolla-ansible,kolla
749358,705030,grenade,ironic
749029,744343,masakari,masakari
748683,748677,project-config,governance
748304,748302,project-config,governance
748056,748059,oslo.utils,nova
747891,747872,openstack-ansible-haproxy_server,openstack-ansible
747234,746561,requirements,cinder
747185,747188,project-config,governance
746348,746302,openstack-ansible,openstack-ansible-os_octavia
745171,745189,pbr,project-config
744881,733443,openstack-ansible-tests,openstack-ansible-os_keystone
744453,733443,openstack-ansible,openstack-ansible-os_keystone
742613,737478,tripleo-common,kolla
741507,741497,devstack,glance
740668,569091,neutron-tempest-plugin,neutron-dynamic-routing
739333,739531,nova,requirements
739146,744673,openstack-ansible,openstack-ansible-os_masakari
738959,739164,liberasurecode,swift
738030,738038,project-config,networking-l2gw-tempest-plugin
738030,738035,project-config,networking-l2gw
737987,737989,project-config,networking-onos
737987,737988,project-config,solum-infra-guestagent
737987,737991,project-config,openstack-ux
737826,737408,openstack-zuul-jobs,cinder
736473,736449,requirements,python-muranoclient
736142,736140,project-config,governance
735966,734184,devstack,nova
731809,731837,openstack-ansible-rabbitmq_server,openstack-ansible-tests
731566,728902,governance,project-config
731534,721742,project-config,project-config
731462,731460,project-config,openstack-zuul-jobs
731313,728558,governance,releases
730431,730430,project-config,kolla-cli
730431,730432,project-config,project-config
730430,730432,kolla-cli,project-config
729329,729331,openstack-ansible-ceph_client,openstack-ansible
729070,727467,ironic-lib,ironic
729070,729463,ironic-lib,ironic-inspector
728903,728886,project-config,tricircle
728903,728886,project-config,tricircle
728902,728890,project-config,python-tricircleclient
728902,728890,project-config,python-tricircleclient
728886,731566,tricircle,governance
727796,728904,python-neutronclient,neutron
726757,724793,kolla-ansible,kolla
725962,724793,kolla-ansible,kolla
725902,725903,openstack-ansible-tests,openstack-ansible-galera_server
725847,725848,project-config,governance
724934,717350,neutron-tempest-plugin,neutron
724198,723762,tempest,keystone
723072,715174,project-config,networking-ovn
722498,722923,openstack-ansible-os_tempest,openstack-ansible-tests
721978,720160,project-config,project-config
721742,721733,project-config,congress
721742,721736,project-config,congress-dashboard
721742,721738,project-config,congress-specs
721742,721740,project-config,congress-tempest-plugin
721742,721741,project-config,python-congressclient
721722,721723,project-config,governance
721719,721720,project-config,i18n-specs
721605,721604,governance,election
721349,721348,project-config,governance
721044,708213,kolla,kolla-ansible
717832,717775,governance,project-config
717832,717775,governance,project-config
717775,717832,project-config,governance
717775,717832,project-config,governance
717715,717717,project-config,openstack-ansible-pip_install
717715,716389,project-config,openstack-ansible-repo_build
715409,71541,tripleo-heat-templates,ironic
713925,713930,project-config,openstack-manuals
713809,714030,project-config,governance
711910,712095,project-config,governance
711878,711902,project-config,governance
711834,711835,project-config,governance
711282,661856,requirements,python-openstackclient
710782,710252,neutron,neutron
710754,710756,stackviz,project-config
710653,710654,faafo,project-config
710652,710653,project-config,faafo
710431,708675,charm-neutron-api,neutron-fwaas
710377,714728,charm-ironic,openstack-zuul-jobs
709386,714728,charms.ceph,openstack-zuul-jobs
709385,714728,charms.openstack,openstack-zuul-jobs
708916,708918,project-config,releases
708801,707760,heat-tempest-plugin,heat
708517,708514,project-config,service-types-authority
708273,708213,kolla,kolla-ansible
707913,707911,ironic-python-agent-builder,ironic-python-agent
707665,707663,heat-tempest-plugin,heat
707665,707760,heat-tempest-plugin,heat
706523,706263,charm-deployment-guide,charm-guide
705694,705695,neutron-lib,neutron
705059,703586,tripleo-ci,ansible-role-collect-logs
704133,709211,project-config,governance
704020,704044,ansible-role-collect-logs,tripleo-ci
703691,703692,project-config,governance
703323,703326,project-config,governance
703081,703080,project-config,governance
702572,702573,project-config,openstack-zuul-jobs
702099,701743,heat-dashboard,horizon
702097,701743,trove-dashboard,horizon
702096,701743,sahara-dashboard,horizon
702086,701743,searchlight-ui,horizon
702084,701743,senlin-dashboard,horizon
702082,701743,qinling-dashboard,horizon
702081,701743,mistral-dashboard,horizon
702080,701743,heat-dashboard,horizon
702079,701743,adjutant-ui,horizon
702077,701743,congress-dashboard,horizon
702076,701743,magnum-ui,horizon
702074,701743,zaqar-ui,horizon
702071,702072,project-config,governance
701928,702173,charm-nova-compute,charm-neutron-openvswitch
701928,701929,charm-nova-compute,charm-neutron-openvswitch
701701,701557,puppet-openstack-integration,puppet-openstack_spec_helper
701700,701557,puppet-openstack-integration,puppet-openstack_spec_helper
701699,701557,puppet-openstack-integration,puppet-openstack_spec_helper
701689,701688,puppet-openstack-integration,puppet-openstack_spec_helper
701534,701557,puppet-openstack-integration,puppet-openstack_spec_helper
701530,701678,project-config,governance
701513,701514,project-config,governance
701513,701514,project-config,governance
700909,700914,project-config,governance
700876,709278,heat-tempest-plugin,auto-scaling-sig
698764,698754,watcher-tempest-plugin,tempest
698763,698754,ironic-tempest-plugin,tempest
698762,698754,blazar-tempest-plugin,tempest
698761,698754,murano-tempest-plugin,tempest
698760,698754,congress-tempest-plugin,tempest
698757,698754,barbican-tempest-plugin,tempest
697076,697095,project-config,governance
696464,696465,charms.openstack,charm-layer-openstack
696070,572767,neutron-lib,neutron
693945,693946,project-config,governance
693462,693463,project-config,governance
692639,692640,project-config,openstack-zuul-jobs
692094,692068,neutron-fwaas,neutron-lib
691277,657142,governance-sigs,governance
690966,690387,releases,python-openstackclient
690410,690401,openstack-chef,cookbook-openstack-image
689119,680438,governance-sigs,governance
688714,688699,project-config,governance
688556,654056,bifrost,openstacksdk
688554,654056,bifrost,openstacksdk
688209,688211,project-config,governance
687925,687926,project-config,governance
687911,687915,charm-interface-placement,charm-placement
686251,686253,project-config,governance
686177,687915,charms.openstack,charm-placement
686097,686343,neutron-lib,neutron
682808,682809,project-config,openstack-zuul-jobs
682608,682607,charm-neutron-openvswitch,charm-nova-compute
682222,682223,project-config,openstack-zuul-jobs
682215,682216,openstack-zuul-jobs,project-config
682214,682215,project-config,openstack-zuul-jobs
682213,682212,openstack-zuul-jobs,project-config
682211,682213,project-config,openstack-zuul-jobs
681722,681718,openstack-ansible,openstack-ansible-os_horizon
681343,687915,charm-nova-cloud-controller,charm-placement
681251,669223,openstack-zuul-jobs,tripleo-quickstart
679655,669170,grenade,placement
679652,679650,project-config,governance
679496,677830,openstack-ansible,openstack-ansible-os_murano
679238,679101,requirements,openstack-ansible
679238,679105,requirements,openstack-ansible-tests
679070,679071,adjutant,openstack-manuals
678597,678598,charm-layer-openstack-api,charms.openstack
678596,678597,charm-layer-openstack,charm-layer-openstack-api
678596,678598,charm-layer-openstack,charms.openstack
678351,678430,project-config,openstack-zuul-jobs
678156,678155,project-config,training-guides
678134,678135,service-types-authority,project-config
678133,678135,openstack-manuals,project-config
678132,678135,openstack-ansible-tests,project-config
677008,677009,project-config,openstack-zuul-jobs
676630,676631,project-config,openstack-zuul-jobs
676489,676482,project-config,openstack-manuals
676421,696737,project-config,governance
676268,642899,devstack,nova
676191,676193,project-config,governance
675778,651492,heat,devstack
675668,673561,puppet-tripleo,paunch
675666,673561,puppet-tripleo,paunch
675664,673561,puppet-tripleo,paunch
675617,675615,openstack-ansible-os_tempest,openstack-ansible-os_tempest
675360,673565,tripleo-heat-templates,paunch
675354,673565,puppet-tripleo,paunch
675265,673561,tripleo-heat-templates,paunch
674896,671043,manila-tempest-plugin,manila
674648,673561,puppet-tripleo,paunch
671776,670203,requirements,neutron
671345,670203,neutron-lib,neutron
671311,671255,project-config,releases
671268,671271,project-config,governance
670558,669609,requirements,python-openstackclient
670345,669609,releases,python-openstackclient
669902,669997,puppet-tripleo,tripleo-heat-templates
669902,669994,puppet-tripleo,tripleo-heat-templates
669902,669990,puppet-tripleo,tripleo-heat-templates
669902,668957,puppet-tripleo,tripleo-heat-templates
669901,669997,puppet-tripleo,tripleo-heat-templates
669901,669994,puppet-tripleo,tripleo-heat-templates
669901,669990,puppet-tripleo,tripleo-heat-templates
669901,668957,puppet-tripleo,tripleo-heat-templates
669900,669997,puppet-tripleo,tripleo-heat-templates
669900,669994,puppet-tripleo,tripleo-heat-templates
669900,669990,puppet-tripleo,tripleo-heat-templates
669900,668957,puppet-tripleo,tripleo-heat-templates
669871,669343,openstack-zuul-jobs,tripleo-ci
669366,669343,tripleo-repos,tripleo-ci
669298,669299,project-config,governance
668956,669997,puppet-tripleo,tripleo-heat-templates
668956,669994,puppet-tripleo,tripleo-heat-templates
668956,669990,puppet-tripleo,tripleo-heat-templates
668956,668957,puppet-tripleo,tripleo-heat-templates
667949,665264,project-config,governance
667423,667423,tripleo-ci,tripleo-ci
666610,665715,neutron,os-vif
666568,666569,project-config,governance
666196,665917,magnum,magnum
665652,656265,charm-swift-storage,charm-swift-storage
665451,665445,tripleo-common,tripleo-common
665449,665445,tripleo-common,tripleo-common
665321,665414,project-config,governance
664639,650169,tripleo-quickstart-extras,tripleo-quickstart
663771,663736,tripleo-heat-templates,tripleo-common
663599,651772,openstack-zuul-jobs,tripleo-ci
663599,663336,openstack-zuul-jobs,tripleo-common
661914,661803,openstackclient,project-config
661541,661542,networking-l2gw,project-config
660947,635863,tripleo-heat-templates,tripleo-common
660947,668685,tripleo-heat-templates,python-tripleoclient
660947,663631,tripleo-heat-templates,python-tripleoclient
660947,636282,tripleo-heat-templates,python-tripleoclient
660943,635863,tripleo-heat-templates,tripleo-common
660943,668685,tripleo-heat-templates,python-tripleoclient
660943,663631,tripleo-heat-templates,python-tripleoclient
660943,636282,tripleo-heat-templates,python-tripleoclient
660942,635863,tripleo-heat-templates,tripleo-common
660942,668685,tripleo-heat-templates,python-tripleoclient
660942,663631,tripleo-heat-templates,python-tripleoclient
660942,636282,tripleo-heat-templates,python-tripleoclient
659735,659728,openstack-zuul-jobs,project-config
659524,659523,neutron-lib,neutron
659392,658382,puppet-tripleo,puppet-keystone
659386,658382,tripleo-heat-templates,puppet-keystone
658493,658494,project-config,neutron-lbaas
658493,658495,project-config,neutron-lbaas-dashboard
657764,657766,project-config,governance
657547,657552,tripleo-common,python-tripleoclient
656680,656686,project-config,governance
656671,656670,project-config,barbican
656657,656658,project-config,governance
655413,654056,bifrost,openstacksdk
655412,654056,bifrost,openstacksdk
655411,654056,bifrost,openstacksdk
654233,654056,bifrost,openstacksdk
653740,649892,openstack-ansible-os_tempest,openstack-ansible
653690,649892,openstack-ansible-os_tempest,openstack-ansible
653224,652862,python-searchlightclient,releases
652320,652321,openstack-ansible-lxc_container_create,openstack-ansible-tests
652320,650533,openstack-ansible-lxc_container_create,openstack-ansible-tests
652319,652321,openstack-ansible-lxc_hosts,openstack-ansible-tests
652319,650533,openstack-ansible-lxc_hosts,openstack-ansible-tests
652318,652339,openstack-ansible-os_keystone,openstack-ansible
652318,650485,openstack-ansible-os_keystone,openstack-ansible
652317,652339,openstack-ansible-os_cinder,openstack-ansible
652317,650485,openstack-ansible-os_cinder,openstack-ansible
652316,652339,openstack-ansible-os_nova,openstack-ansible
652316,650485,openstack-ansible-os_nova,openstack-ansible
652315,652339,openstack-ansible-os_tempest,openstack-ansible
652315,650485,openstack-ansible-os_tempest,openstack-ansible
652314,652339,openstack-ansible-os_neutron,openstack-ansible
652314,650485,openstack-ansible-os_neutron,openstack-ansible
652313,652339,openstack-ansible-os_glance,openstack-ansible
652313,650485,openstack-ansible-os_glance,openstack-ansible
652312,652339,openstack-ansible-rabbitmq_server,openstack-ansible
652312,650485,openstack-ansible-rabbitmq_server,openstack-ansible
652311,652339,openstack-ansible-galera_server,openstack-ansible
652311,650485,openstack-ansible-galera_server,openstack-ansible
652310,652339,openstack-ansible-openstack_hosts,openstack-ansible
652310,650485,openstack-ansible-openstack_hosts,openstack-ansible
652309,652339,openstack-ansible-galera_client,openstack-ansible
652309,650485,openstack-ansible-galera_client,openstack-ansible
651524,651505,tripleo-heat-templates,puppet-tripleo
650936,650937,charms.openstack,charm-layer-openstack
650934,652321,ansible-hardening,openstack-ansible-tests
650934,650533,ansible-hardening,openstack-ansible-tests
650934,652321,ansible-hardening,openstack-ansible-tests
650934,650533,ansible-hardening,openstack-ansible-tests
650910,652321,ansible-hardening,openstack-ansible-tests
650910,650533,ansible-hardening,openstack-ansible-tests
650631,639379,charms.ceph,charm-ceph-osd
650553,652321,openstack-ansible-lxc_container_create,openstack-ansible-tests
650553,650533,openstack-ansible-lxc_container_create,openstack-ansible-tests
650552,652321,openstack-ansible-lxc_hosts,openstack-ansible-tests
650552,650533,openstack-ansible-lxc_hosts,openstack-ansible-tests
650535,652321,ansible-hardening,openstack-ansible-tests
650535,650533,ansible-hardening,openstack-ansible-tests
650534,652321,ansible-hardening,openstack-ansible-tests
650534,650533,ansible-hardening,openstack-ansible-tests
650499,652339,openstack-ansible-os_tempest,openstack-ansible
650499,650485,openstack-ansible-os_tempest,openstack-ansible
650497,652339,openstack-ansible-os_neutron,openstack-ansible
650497,650485,openstack-ansible-os_neutron,openstack-ansible
650496,652339,openstack-ansible-os_nova,openstack-ansible
650496,650485,openstack-ansible-os_nova,openstack-ansible
650495,652339,openstack-ansible-os_cinder,openstack-ansible
650495,650485,openstack-ansible-os_cinder,openstack-ansible
650493,652339,openstack-ansible-os_glance,openstack-ansible
650493,650485,openstack-ansible-os_glance,openstack-ansible
650492,652339,openstack-ansible-os_keystone,openstack-ansible
650492,650485,openstack-ansible-os_keystone,openstack-ansible
650491,652339,openstack-ansible-rabbitmq_server,openstack-ansible
650491,650485,openstack-ansible-rabbitmq_server,openstack-ansible
650490,652339,openstack-ansible-galera_server,openstack-ansible
650490,650485,openstack-ansible-galera_server,openstack-ansible
650488,652339,openstack-ansible-galera_client,openstack-ansible
650488,650485,openstack-ansible-galera_client,openstack-ansible
650487,652339,openstack-ansible-openstack_hosts,openstack-ansible
650487,650485,openstack-ansible-openstack_hosts,openstack-ansible
650422,653643,project-config,governance
650422,653643,project-config,governance
650422,653643,project-config,governance
650422,653643,project-config,governance
650422,653643,project-config,governance
650422,653643,project-config,governance
650422,653643,project-config,governance
650413,650422,requirements,project-config
650413,650477,requirements,project-config
649790,623229,tap-as-a-service,openstack-zuul-jobs
649597,649598,project-config,governance
649373,695834,neutron-tempest-plugin,neutron-vpnaas
647667,647665,project-config,governance
645105,645033,placement,nova
645031,645033,placement,nova
644847,641712,neutron-tempest-plugin,neutron
643724,643717,rally,rally
643717,642235,rally,rally-openstack
643662,643668,neutron-tempest-plugin,neutron-fwaas
640461,561597,ironic,devstack
640300,640301,openstack-ansible,openstack-ansible-rabbitmq_server
639831,639836,project-config,governance
639101,639098,ironic,ironic-tempest-plugin
639066,639068,project-config,governance
638708,624993,shade,requirements
638666,642527,neutron-lib,neutron
638406,638407,charm-swift-storage,charm-swift-proxy
637935,624751,neutron-lib,neutron
637613,637614,project-config,governance
636901,636909,puppet-tripleo,tripleo-heat-templates
636901,636875,puppet-tripleo,tripleo-heat-templates
636901,633217,puppet-tripleo,tripleo-heat-templates
636899,636907,puppet-tripleo,tripleo-heat-templates
636899,636873,puppet-tripleo,tripleo-heat-templates
636899,623353,puppet-tripleo,tripleo-heat-templates
636902,636910,puppet-tripleo,tripleo-heat-templates
636902,636876,puppet-tripleo,tripleo-heat-templates
636902,633239,puppet-tripleo,tripleo-heat-templates
636903,636911,puppet-tripleo,tripleo-heat-templates
636903,636877,puppet-tripleo,tripleo-heat-templates
636903,633246,puppet-tripleo,tripleo-heat-templates
636904,636912,puppet-tripleo,tripleo-heat-templates
636904,636878,puppet-tripleo,tripleo-heat-templates
636904,634444,puppet-tripleo,tripleo-heat-templates
636900,636908,puppet-tripleo,tripleo-heat-templates
636900,636874,puppet-tripleo,tripleo-heat-templates
636900,633170,puppet-tripleo,tripleo-heat-templates
636884,636911,puppet-tripleo,tripleo-heat-templates
636884,636877,puppet-tripleo,tripleo-heat-templates
636884,633246,puppet-tripleo,tripleo-heat-templates
636882,636909,puppet-tripleo,tripleo-heat-templates
636882,636875,puppet-tripleo,tripleo-heat-templates
636882,633217,puppet-tripleo,tripleo-heat-templates
636880,636907,puppet-tripleo,tripleo-heat-templates
636880,636873,puppet-tripleo,tripleo-heat-templates
636880,623353,puppet-tripleo,tripleo-heat-templates
636881,636908,puppet-tripleo,tripleo-heat-templates
636881,636874,puppet-tripleo,tripleo-heat-templates
636881,633170,puppet-tripleo,tripleo-heat-templates
636883,636910,puppet-tripleo,tripleo-heat-templates
636883,636876,puppet-tripleo,tripleo-heat-templates
636883,633239,puppet-tripleo,tripleo-heat-templates
636885,636912,puppet-tripleo,tripleo-heat-templates
636885,636878,puppet-tripleo,tripleo-heat-templates
636885,634444,puppet-tripleo,tripleo-heat-templates
636861,635539,puppet-tripleo,releases
636131,636128,xstatic-angular-lrdragndrop,releases
636130,636129,xstatic-jasmine,releases
635885,635831,manila-tempest-plugin,manila
635730,635863,tripleo-heat-templates,tripleo-common
635730,668685,tripleo-heat-templates,python-tripleoclient
635730,663631,tripleo-heat-templates,python-tripleoclient
635730,636282,tripleo-heat-templates,python-tripleoclient
635566,635541,puppet-neutron,releases
635565,635539,puppet-tripleo,releases
635221,635278,project-config,governance
635160,574783,neutron-lib,neutron
634818,634817,project-config,governance
634443,636912,puppet-tripleo,tripleo-heat-templates
634443,636878,puppet-tripleo,tripleo-heat-templates
634443,634444,puppet-tripleo,tripleo-heat-templates
633408,633203,blazar-tempest-plugin,blazar
633245,636911,puppet-tripleo,tripleo-heat-templates
633245,636877,puppet-tripleo,tripleo-heat-templates
633245,633246,puppet-tripleo,tripleo-heat-templates
633238,636910,puppet-tripleo,tripleo-heat-templates
633238,636876,puppet-tripleo,tripleo-heat-templates
633238,633239,puppet-tripleo,tripleo-heat-templates
633216,636909,puppet-tripleo,tripleo-heat-templates
633216,636875,puppet-tripleo,tripleo-heat-templates
633216,633217,puppet-tripleo,tripleo-heat-templates
633171,636908,puppet-tripleo,tripleo-heat-templates
633171,636874,puppet-tripleo,tripleo-heat-templates
633171,633170,puppet-tripleo,tripleo-heat-templates
632635,632520,devstack,python-keystoneclient
631515,624751,neutron-lib,neutron
631326,631324,project-config,governance
631252,631251,project-config,governance
628850,628860,project-config,governance
628209,628210,project-config,governance
627151,623229,python-tripleoclient,openstack-zuul-jobs
626838,623229,kolla-ansible,openstack-zuul-jobs
626747,623229,oslo.config,openstack-zuul-jobs
626746,623229,kolla,openstack-zuul-jobs
626745,623229,diskimage-builder,openstack-zuul-jobs
626744,623229,python-vitrageclient,openstack-zuul-jobs
626743,623229,python-tackerclient,openstack-zuul-jobs
626742,623229,python-swiftclient,openstack-zuul-jobs
626741,623229,python-senlinclient,openstack-zuul-jobs
626738,623229,python-mistralclient,openstack-zuul-jobs
626737,623229,python-masakariclient,openstack-zuul-jobs
626736,623229,python-magnumclient,openstack-zuul-jobs
626734,623229,python-freezerclient,openstack-zuul-jobs
626733,623229,python-congressclient,openstack-zuul-jobs
626732,623229,python-brick-cinderclient-ext,openstack-zuul-jobs
626731,623229,python-blazarclient,openstack-zuul-jobs
626730,623229,python-barbicanclient,openstack-zuul-jobs
626728,623229,pymod2pkg,openstack-zuul-jobs
626727,623229,sahara-dashboard,openstack-zuul-jobs
626726,623229,sahara-image-elements,openstack-zuul-jobs
626725,623229,solum-dashboard,openstack-zuul-jobs
626724,623229,stevedore,openstack-zuul-jobs
626723,623229,tacker-horizon,openstack-zuul-jobs
626722,623229,tacker,openstack-zuul-jobs
626720,623229,tap-as-a-service,openstack-zuul-jobs
626718,623229,watcher-dashboard,openstack-zuul-jobs
626717,623229,watcher,openstack-zuul-jobs
626714,623229,nova-powervm,openstack-zuul-jobs
626711,623229,neutron-lbaas-dashboard,openstack-zuul-jobs
626709,623229,networking-powervm,openstack-zuul-jobs
626708,623229,networking-hyperv,openstack-zuul-jobs
626704,623229,os-win,openstack-zuul-jobs
626703,623229,os-client-config,openstack-zuul-jobs
626702,623229,osc-lib,openstack-zuul-jobs
626701,623229,murano-agent,openstack-zuul-jobs
626700,623229,mox3,openstack-zuul-jobs
626698,623229,monasca-common,openstack-zuul-jobs
626695,623229,mistral-lib,openstack-zuul-jobs
626694,623229,masakari,openstack-zuul-jobs
626693,623229,masakari-monitors,openstack-zuul-jobs
626692,623229,ldappool,openstack-zuul-jobs
626691,623229,keystoneauth,openstack-zuul-jobs
626690,623229,ironic-ui,openstack-zuul-jobs
626687,623229,horizon,openstack-zuul-jobs
626686,623229,heat-dashboard,openstack-zuul-jobs
626685,623229,heat-cfntools,openstack-zuul-jobs
626684,623229,glance_store,openstack-zuul-jobs
626683,623229,futurist,openstack-zuul-jobs
626681,623229,freezer,openstack-zuul-jobs
626680,623229,freezer-web-ui,openstack-zuul-jobs
626679,623229,freezer-api,openstack-zuul-jobs
626677,623229,ec2-api,openstack-zuul-jobs
626676,623229,debtcollector,openstack-zuul-jobs
626675,623229,congress-dashboard,openstack-zuul-jobs
626674,623229,compute-hyperv,openstack-zuul-jobs
626673,623229,cliff,openstack-zuul-jobs
626672,623229,castellan,openstack-zuul-jobs
626671,623229,blazar,openstack-zuul-jobs
626669,623229,blazar-dashboard,openstack-zuul-jobs
626664,623229,automaton,openstack-zuul-jobs
626660,623229,oslo.vmware,openstack-zuul-jobs
626659,623229,oslo.versionedobjects,openstack-zuul-jobs
626658,623229,oslo.utils,openstack-zuul-jobs
626657,623229,oslo.service,openstack-zuul-jobs
626656,623229,oslo.serialization,openstack-zuul-jobs
626655,623229,oslo.rootwrap,openstack-zuul-jobs
626654,623229,oslo.reports,openstack-zuul-jobs
626653,623229,oslo.privsep,openstack-zuul-jobs
626652,623229,oslo.policy,openstack-zuul-jobs
626651,623229,oslo.middleware,openstack-zuul-jobs
626650,623229,oslo.log,openstack-zuul-jobs
626648,623229,oslo.limit,openstack-zuul-jobs
626647,623229,oslo.db,openstack-zuul-jobs
626646,623229,oslo.context,openstack-zuul-jobs
626645,623229,oslo.cache,openstack-zuul-jobs
626210,630999,neutron-lib,neutron
625944,624532,releases,python-tripleoclient
625759,624993,openstacksdk,requirements
625370,624993,openstacksdk,requirements
625009,624934,project-config,releases
624036,624038,rally-openstack,neutron
623352,636907,puppet-tripleo,tripleo-heat-templates
623352,636873,puppet-tripleo,tripleo-heat-templates
623352,623353,puppet-tripleo,tripleo-heat-templates
623229,622972,openstack-zuul-jobs,nova
622613,622612,openstack-zuul-jobs,grenade
622494,620357,tempest,neutron
622488,620357,requirements,neutron
622486,620357,openstacksdk,neutron
622480,620357,openstack-zuul-jobs,neutron
622453,620357,nova,neutron
622448,620357,cinder,neutron
622444,620357,glance,neutron
622428,620357,keystone,neutron
620485,621733,grenade,placement
620373,619379,tripleo-heat-templates,puppet-keystone
620356,620357,grenade,neutron
619992,619973,heat,devstack
619985,619973,ceilometer,devstack
619984,619973,trove,devstack
619751,619642,devstack,neutron-tempest-plugin
619639,585037,devstack,neutron
619235,619538,project-config,governance
617809,555398,designate-tempest-plugin,designate
617321,617204,project-config,openstack-ansible-os_monasca-ui
617321,617212,project-config,project-config
617276,617277,shade,bifrost
617275,617276,bifrost,shade
617212,617322,project-config,governance
617212,617322,project-config,governance
617212,617322,project-config,governance
617204,617212,openstack-ansible-os_monasca-ui,project-config
617204,617322,openstack-ansible-os_monasca-ui,governance
617204,617212,openstack-ansible-os_monasca-ui,project-config
617204,617322,openstack-ansible-os_monasca-ui,governance
617195,617204,requirements,openstack-ansible-os_monasca-ui
617195,617212,requirements,project-config
617195,617321,requirements,project-config
617195,617322,requirements,governance
616452,616362,python-tripleoclient,tripleo-heat-templates
615855,615856,project-config,governance
615643,615602,oslo.limit,nova
615639,615637,releases,project-config
615636,615637,election,project-config
615441,574372,requirements,futurist
615402,615399,zun,zun-tempest-plugin
615241,615242,openstack-zuul-jobs,project-config
615241,615242,openstack-zuul-jobs,project-config
615241,615242,openstack-zuul-jobs,project-config
615239,615241,project-config,openstack-zuul-jobs
615237,615239,openstack-zuul-jobs,project-config
615236,615237,project-config,openstack-zuul-jobs
614896,615187,project-config,governance
614802,608761,manila,manila
613149,584061,neutron-lib,neutron
612873,580829,python-tripleoclient,tripleo-heat-templates
612055,611930,openstack-ansible-tests,openstack-ansible-os_manila
611893,611896,project-config,governance
611892,611895,project-config,governance
610182,610184,neutron,neutron
609901,609823,openstack-zuul-jobs,ceilometer-powervm
609847,609848,neutron-lib,neutron
609567,607538,openstackdocstheme,election
609531,610015,project-config,governance
609270,608283,project-config,governance
608867,608866,project-config,governance
608693,572082,os-vif,nova
608442,608443,governance,project-config
608345,608403,project-config,governance
608157,594750,openstack-ansible-os_horizon,openstack-ansible-os_horizon
607635,559182,puppet-tripleo,tripleo-heat-templates
605893,593878,project-config,manila-ui
605893,593881,project-config,manila-ui
605893,593884,project-config,manila-ui
605810,604929,devstack,manila
605478,559182,puppet-tripleo,tripleo-heat-templates
605291,604929,manila,manila
605242,604929,manila,manila
605043,604926,keystoneauth,openstacksdk
604889,604890,project-config,governance
604657,516926,manila,manila
603489,603516,project-config,governance
603281,603282,keystone-tempest-plugin,project-config
602871,602870,project-config,governance
602783,612431,project-config,governance
602494,602654,openstack-ansible-tests,openstack-ansible-os_sahara
602493,602483,project-config,governance
601826,601768,charm-interface-openstack-ha,charm-interface-openstack-ha
600855,600370,releases,networking-bagpipe
600793,444175,neutron,networking-bagpipe
600793,423518,neutron,networking-bagpipe
600397,600411,project-config,governance
600161,600162,placement,devstack
599894,599895,zun,python-zunclient
599553,599558,openstack-zuul-jobs,placement
599429,599428,project-config,governance
599202,599203,zun,python-zunclient
598472,595412,kolla,kolla
598362,598380,project-config,governance
598131,584890,openstack-zuul-jobs,designate-dashboard
596743,596746,project-config,governance
596645,590636,openstack-zuul-jobs,project-config
593488,593489,project-config,openstack-zuul-jobs
592621,579371,openstack-ansible-rsyslog_server,openstack-ansible-tests
592620,579371,openstack-ansible-rsyslog_client,openstack-ansible-tests
592619,579371,openstack-ansible-repo_server,openstack-ansible-tests
592618,579371,openstack-ansible-repo_build,openstack-ansible-tests
592617,579371,openstack-ansible-rabbitmq_server,openstack-ansible-tests
592616,579371,openstack-ansible-plugins,openstack-ansible-tests
592615,579371,openstack-ansible-pip_install,openstack-ansible-tests
592614,579371,openstack-ansible-os_zun,openstack-ansible-tests
592613,579371,openstack-ansible-os_zaqar,openstack-ansible-tests
592612,579371,openstack-ansible-os_watcher,openstack-ansible-tests
592611,579371,openstack-ansible-os_trove,openstack-ansible-tests
592610,579371,openstack-ansible-os_tempest,openstack-ansible-tests
592609,579371,openstack-ansible-os_tacker,openstack-ansible-tests
592608,579371,openstack-ansible-os_swift,openstack-ansible-tests
592607,579371,openstack-ansible-os_searchlight,openstack-ansible-tests
592606,579371,openstack-ansible-os_sahara,openstack-ansible-tests
592605,579371,openstack-ansible-os_rally,openstack-ansible-tests
592604,579371,openstack-ansible-os_panko,openstack-ansible-tests
592603,579371,openstack-ansible-os_octavia,openstack-ansible-tests
592602,579371,openstack-ansible-os_nova,openstack-ansible-tests
592601,579371,openstack-ansible-os_neutron,openstack-ansible-tests
592600,579371,openstack-ansible-os_monasca-ui,openstack-ansible-tests
592599,579371,openstack-ansible-os_monasca-agent,openstack-ansible-tests
592598,579371,openstack-ansible-os_monasca,openstack-ansible-tests
592597,579371,openstack-ansible-os_molteniron,openstack-ansible-tests
592595,579371,openstack-ansible-os_masakari,openstack-ansible-tests
592594,579371,openstack-ansible-os_magnum,openstack-ansible-tests
592593,579371,openstack-ansible-os_keystone,openstack-ansible-tests
592592,579371,openstack-ansible-os_ironic,openstack-ansible-tests
592590,579371,openstack-ansible-os_horizon,openstack-ansible-tests
592589,579371,openstack-ansible-os_heat,openstack-ansible-tests
592588,579371,openstack-ansible-os_gnocchi,openstack-ansible-tests
592587,579371,openstack-ansible-os_glance,openstack-ansible-tests
592513,579371,openstack-ansible-os_designate,openstack-ansible-tests
592512,579371,openstack-ansible-os_congress,openstack-ansible-tests
592511,579371,openstack-ansible-os_cloudkitty,openstack-ansible-tests
592510,579371,openstack-ansible-os_cinder,openstack-ansible-tests
592509,579371,openstack-ansible-os_ceilometer,openstack-ansible-tests
592504,579371,openstack-ansible-os_barbican,openstack-ansible-tests
592502,579371,openstack-ansible-os_aodh,openstack-ansible-tests
592501,579371,openstack-ansible-os_almanach,openstack-ansible-tests
592499,579371,openstack-ansible-ops,openstack-ansible-tests
592498,579371,openstack-ansible-openstack_openrc,openstack-ansible-tests
592496,579371,openstack-ansible-openstack_hosts,openstack-ansible-tests
592495,579371,openstack-ansible-nspawn_hosts,openstack-ansible-tests
592494,579371,openstack-ansible-nspawn_container_create,openstack-ansible-tests
592493,579371,openstack-ansible-memcached_server,openstack-ansible-tests
592492,579371,openstack-ansible-lxc_hosts,openstack-ansible-tests
592491,579371,openstack-ansible-lxc_container_create,openstack-ansible-tests
592490,579371,openstack-ansible-haproxy_server,openstack-ansible-tests
592487,579371,openstack-ansible-galera_server,openstack-ansible-tests
592485,579371,openstack-ansible-galera_client,openstack-ansible-tests
592484,579371,openstack-ansible-ceph_client,openstack-ansible-tests
592483,579371,openstack-ansible-apt_package_pinning,openstack-ansible-tests
592481,579371,openstack-ansible,openstack-ansible-tests
592480,579371,ansible-role-systemd_service,openstack-ansible-tests
592479,579371,ansible-role-systemd_networkd,openstack-ansible-tests
592478,579371,ansible-role-systemd_mount,openstack-ansible-tests
592477,579371,ansible-role-python_venv_build,openstack-ansible-tests
592476,579371,ansible-config_template,openstack-ansible-tests
592308,592276,tempest,releases
591546,591559,project-config,governance
591409,563736,neutron-lbaas,neutron
591026,591027,openstack-zuul-jobs,project-config
590069,564494,devstack,openstacksdk
589129,589133,project-config,governance
588355,588358,project-config,governance
588191,588190,openstack-ansible-tests,openstack-ansible-os_cinder
587108,528649,swift,project-config
586567,586597,neutron-lib,neutron
585471,585473,project-config,governance
585176,585167,openstack-ansible-os_rally,openstack-ansible
585175,585175,openstack-ansible-os_rally,openstack-ansible-os_rally
585170,585165,openstack-ansible-os_rally,openstack-ansible
584903,584906,neutron-lib,neutron
584857,606081,openstack-ansible-haproxy_server,openstack-ansible
584394,584387,openstack-ansible,openstack-ansible-repo_server
584393,584385,openstack-ansible,openstack-ansible-repo_server
583723,579045,openstack-helm-infra,openstack-helm
583441,574907,tempest,neutron
583428,583427,openstack-ansible-tests,openstack-ansible-os_sahara
583415,583416,project-config,governance
583146,581377,devstack-gate,devstack
583110,582698,tripleo-ci,tempest
583023,583024,nova,project-config
582436,656451,tripleo-heat-templates,puppet-tripleo
582436,656244,tripleo-heat-templates,puppet-tripleo
582436,582437,tripleo-heat-templates,puppet-tripleo
582130,580663,oslotest,cinder
581532,581487,neutron-tempest-plugin,releases
581449,578955,charm-neutron-api,charm-neutron-dynamic-routing
581427,581428,project-config,governance
581087,532691,project-config,sahara-extra
581087,581096,project-config,openstack-zuul-jobs
580481,580482,requirements,taskflow
580481,574371,requirements,futurist
579950,579952,project-config,governance
579301,579303,project-config,project-config
578024,577807,glance,oslo.policy
577796,576001,openstack-helm-infra,openstack-helm
577220,577223,neutron-lib,neutron
577139,577141,project-config,openstack-zuul-jobs
576787,576792,charm-hacluster,charm-percona-cluster
574882,578963,project-config,governance
574781,574783,neutron-lib,neutron
574149,572243,tempest,keystone
573174,573135,barbican-tempest-plugin,tempest
573169,573135,manila-tempest-plugin,tempest
573168,573135,ironic-tempest-plugin,tempest
573167,573135,congress-tempest-plugin,tempest
573164,573135,blazar-tempest-plugin,tempest
573163,573135,watcher-tempest-plugin,tempest
572551,572556,project-config,governance
572371,572527,project-config,governance
572283,574633,manila,python-manilaclient
572283,580582,manila,manila-tempest-plugin
572251,572083,openstack-zuul-jobs,project-config
572081,572082,os-vif,nova
571677,550987,neutron,neutron-tempest-plugin
571676,550987,neutron,neutron-tempest-plugin
571675,550987,neutron,neutron-tempest-plugin
571571,596535,pbr,project-config
571496,571504,project-config,governance
570959,571462,os-vif,nova
570906,570905,openstack-ansible,openstack-ansible-os_rally
570708,579534,manila,manila-tempest-plugin
570708,571366,manila,python-manilaclient
569569,569447,neutron,requirements
569426,569432,puppet-nova,puppet-openstack-integration
569174,568898,zun,zun-tempest-plugin
569171,568898,zun,zun-tempest-plugin
569170,568898,zun,zun-tempest-plugin
568951,568950,devstack,patrole
568942,568943,zun-tempest-plugin,zun
568893,568938,puppet-glance,puppet-openstack-integration
568726,568727,project-config,governance
568573,568324,puppet-openstacklib,puppet-neutron
568529,568728,kolla,kolla-ansible
568517,568522,openstack-ansible-os_glance,openstack-ansible-tests
568517,568531,openstack-ansible-os_glance,openstack-ansible
568481,568485,openstack-ansible-os_glance,openstack-ansible
568481,568492,openstack-ansible-os_glance,openstack-ansible-tests
568324,568871,puppet-neutron,puppet-openstack-integration
568207,567779,requirements,project-config
568146,568142,openstack-ansible,openstack-ansible-os_glance
567779,565221,project-config,kolla-kubernetes
567779,568209,project-config,openstack-zuul-jobs
567498,408008,networking-bgpvpn,networking-bagpipe
566956,566958,project-config,governance
566905,565233,tripleo-quickstart-extras,python-tripleoclient
566904,565233,tripleo-ci,python-tripleoclient
566540,566541,project-config,governance
566524,565233,tripleo-quickstart-extras,python-tripleoclient
566523,565233,tripleo-ci,python-tripleoclient
566471,563481,openstack-helm-infra,openstack-helm
566326,562032,tripleo-quickstart-extras,python-tripleoclient
566182,566184,neutron,neutron-lib
565956,561377,tripleo-common,tripleo-heat-templates
565479,564494,devstack,openstacksdk
565288,551290,nova,glance
565221,568174,kolla-kubernetes,project-config
564823,564830,project-config,governance
564819,564830,project-config,governance
564711,564099,project-config,magnum-ui
564558,564329,releases,openstack-zuul-jobs
564299,564494,keystoneauth,openstacksdk
564074,564075,project-config,governance
563883,563882,project-config,openstack-zuul-jobs
563780,563736,neutron-lbaas,neutron
563777,562032,tripleo-ci,python-tripleoclient
563323,563330,project-config,governance
563197,563198,project-config,governance
563173,544025,requirements,heat-tempest-plugin
562874,556136,devstack,patrole
562615,562617,project-config,governance
562568,562569,project-config,openstack-zuul-jobs
562567,562569,cinder,openstack-zuul-jobs
562567,562568,cinder,project-config
562134,561362,puppet-openstack-integration,puppet-nova
562029,561709,requirements,heat-tempest-plugin
560907,558741,neutron,networking-bgpvpn
560826,559747,neutron,networking-bagpipe
559537,559539,project-config,governance
559377,559378,project-config,openstack-zuul-jobs
559116,359061,requirements,python-ironicclient
558430,558463,horizon,magnum-ui
558204,558205,project-config,openstack-zuul-jobs
557737,557733,governance,project-config
557645,557635,project-config,openstack-zuul-jobs
556817,554926,tripleo-heat-templates,tripleo-common
556598,555830,project-config,governance
555897,555900,project-config,governance
555707,555712,project-config,governance
554551,542594,zun,zun-tempest-plugin
553975,553977,project-config,governance
553653,555450,tempest,devstack
553653,553655,tempest,devstack
553653,553139,tempest,tempest
553499,550987,neutron,neutron-tempest-plugin
553392,553393,project-config,governance
552861,552866,project-config,governance
551978,551980,project-config,governance
551858,551883,project-config,governance
551856,551965,project-config,governance
551855,551958,project-config,governance
551850,551957,project-config,governance
551845,551873,project-config,governance
551841,551870,project-config,governance
551291,551016,glance,project-config
551290,551016,glance,project-config
551285,551016,glance,project-config
551016,551019,project-config,openstack-zuul-jobs
551016,551019,project-config,openstack-zuul-jobs
551016,551019,project-config,openstack-zuul-jobs
551008,551011,project-config,openstack-zuul-jobs
550996,550999,project-config,openstack-zuul-jobs
550985,551016,glance,project-config
550984,551008,castellan,project-config
550831,550475,neutron,requirements
550830,550475,horizon,requirements
550491,550496,project-config,governance
550290,550567,puppet-tripleo,tripleo-heat-templates
550290,548401,puppet-tripleo,tripleo-heat-templates
550289,550567,puppet-tripleo,tripleo-heat-templates
550289,548401,puppet-tripleo,tripleo-heat-templates
550130,553368,project-config,project-config
549854,550567,puppet-tripleo,tripleo-heat-templates
549854,548401,puppet-tripleo,tripleo-heat-templates
548416,548398,instack-undercloud,puppet-tripleo
546695,546694,project-config,openstack-zuul-jobs
546678,546679,project-config,governance
546571,546572,project-config,governance
546260,546421,project-config,project-config
546075,546091,project-config,governance
545824,545827,project-config,governance
545792,539077,freezer-api,freezer-api
545792,545730,freezer-api,freezer-api
545436,512699,requirements,osc-lib
545146,545117,devstack,openstacksdk
544531,544300,networking-bgpvpn,networking-bagpipe
544531,540376,networking-bgpvpn,networking-bagpipe
544155,542594,zun,zun-tempest-plugin
544027,544035,project-config,openstack-zuul-jobs
540687,534725,charm-specs,charm-neutron-api
540669,540670,kolla-kubernetes,project-config
540602,540603,project-config,openstack-zuul-jobs
540600,540602,openstack-zuul-jobs,project-config
540586,540592,openstack-zuul-jobs,project-config
540421,537542,oslo.messaging,oslo.messaging
540319,539111,ec2-api,openstack-zuul-jobs
539887,539874,openstack-zuul-jobs,project-config
539241,535532,requirements,nova
539109,539111,project-config,openstack-zuul-jobs
539107,539111,ec2-api,openstack-zuul-jobs
538342,538344,project-config,openstack-zuul-jobs
538200,513228,tap-as-a-service,project-config
538199,513228,tap-as-a-service,project-config
536169,536170,python-troveclient,trove-tempest-plugin
536098,536099,rally,project-config
536091,536092,neutron-fwaas,project-config
535812,535811,project-config,openstack-zuul-jobs
535734,535735,project-config,openstack-zuul-jobs
535530,535532,python-neutronclient,nova
534880,511150,project-config,openstack-zuul-jobs
534744,527713,mistral,mistral-tempest-plugin
533802,465636,cinder,cinder
533792,531498,requirements,glance
533635,451534,neutron,networking-sfc
533348,531496,project-config,openstack-zuul-jobs
533280,533281,murano-tempest-plugin,murano
533279,533280,murano,murano-tempest-plugin
533273,534735,project-config,governance
533222,533225,octavia-tempest-plugin,tempest
533219,533225,neutron-tempest-plugin,tempest
533217,533225,networking-l2gw-tempest-plugin,tempest
533215,533225,horizon,tempest
533025,533026,project-config,governance
532542,534180,project-config,governance
532195,532197,openstack-zuul-jobs,project-config
532177,523018,project-config,openstack-zuul-jobs
531604,531605,project-config,governance
531536,531537,project-config,openstack-zuul-jobs
531197,465636,cinder,cinder
530500,531496,project-config,openstack-zuul-jobs
530239,530240,project-config,openstack-zuul-jobs
530124,530125,project-config,openstack-zuul-jobs
530113,530124,training-labs,project-config
530100,530101,project-config,openstack-zuul-jobs
529951,522861,openstacksdk,osc-lib
529944,529946,devstack,project-config
529498,529499,project-config,openstack-zuul-jobs
529142,534981,manila,manila-tempest-plugin
529093,529095,openstack-zuul-jobs,project-config
528672,528666,project-config,governance
528649,528650,project-config,openstack-zuul-jobs
528644,528645,project-config,openstack-zuul-jobs
528582,528649,swift,project-config
528580,528581,project-config,openstack-zuul-jobs
528554,528555,project-config,openstack-zuul-jobs
528553,528554,devstack-gate,project-config
528500,528501,project-config,openstack-zuul-jobs
528333,528334,project-config,openstack-zuul-jobs
528234,528235,project-config,openstack-zuul-jobs
528082,528083,project-config,openstack-zuul-jobs
528082,527861,project-config,octavia-dashboard
528082,527863,project-config,neutron-lbaas-dashboard
527930,527931,project-config,openstack-zuul-jobs
527910,527889,devstack,tempest
527713,509428,mistral-tempest-plugin,mistral
527146,510154,project-config,networking-bagpipe
527122,527119,project-config,governance
526959,526958,searchlight-ui,project-config
526959,526960,searchlight-ui,openstack-zuul-jobs
526958,526960,project-config,openstack-zuul-jobs
526956,526955,glance_store,project-config
526956,526957,glance_store,openstack-zuul-jobs
526955,526957,project-config,openstack-zuul-jobs
526951,526950,glance,project-config
526951,526952,glance,openstack-zuul-jobs
526950,526952,project-config,openstack-zuul-jobs
526944,526947,project-config,governance
526863,526862,project-config,governance
526844,526846,project-config,governance
526841,526842,project-config,governance
526836,526838,project-config,governance
526313,526097,project-config,designate
526269,522713,zun-tempest-plugin,zun
525776,471245,tripleo-heat-templates,tripleo-heat-templates
525530,525528,project-config,openstack-zuul-jobs
525270,525328,project-config,governance
525175,525176,project-config,openstack-zuul-jobs
525052,525066,project-config,governance
525045,525044,python-glanceclient,project-config
525045,525046,python-glanceclient,openstack-zuul-jobs
525044,525046,project-config,openstack-zuul-jobs
524874,524873,openstack-ansible-os_neutron,openstack-ansible
524869,524868,project-config,governance
524645,524643,project-config,cliff
524540,521346,openstack-zuul-jobs,neutron-dynamic-routing
524438,447505,oslotest,nova
524438,447502,oslotest,nova
524438,470775,oslotest,nova
524395,524353,project-config,os-api-ref
524395,524394,project-config,openstack-zuul-jobs
524305,524256,freezer,project-config
524256,524549,project-config,openstack-zuul-jobs
524232,524237,project-config,openstack-zuul-jobs
524079,524124,project-config,openstack-zuul-jobs
523433,523098,openstack-zuul-jobs,project-config
523393,521941,tripleo-quickstart-extras,python-tripleoclient
523369,523368,project-config,openstack-zuul-jobs
523359,523369,neutron-vpnaas,project-config
523359,523368,neutron-vpnaas,openstack-zuul-jobs
523231,524232,keystone,project-config
523231,524237,keystone,openstack-zuul-jobs
523124,523126,project-config,governance
523019,523018,project-config,openstack-zuul-jobs
522900,522901,osc-lib,python-openstackclient
522734,522737,openstack-ansible,openstack-ansible-os_nova
522734,522736,openstack-ansible,openstack-ansible-os_nova
522734,522735,openstack-ansible,openstack-ansible-os_nova
522734,522510,openstack-ansible,openstack-ansible-os_nova
522732,522737,openstack-ansible,openstack-ansible-os_nova
522732,522736,openstack-ansible,openstack-ansible-os_nova
522732,522735,openstack-ansible,openstack-ansible-os_nova
522732,522510,openstack-ansible,openstack-ansible-os_nova
522731,522737,openstack-ansible,openstack-ansible-os_nova
522731,522736,openstack-ansible,openstack-ansible-os_nova
522731,522735,openstack-ansible,openstack-ansible-os_nova
522731,522510,openstack-ansible,openstack-ansible-os_nova
522543,522544,project-config,governance
522526,522737,openstack-ansible,openstack-ansible-os_nova
522526,522736,openstack-ansible,openstack-ansible-os_nova
522526,522735,openstack-ansible,openstack-ansible-os_nova
522526,522510,openstack-ansible,openstack-ansible-os_nova
522504,522507,project-config,openstack-zuul-jobs
522458,522507,bandit,openstack-zuul-jobs
522458,522504,bandit,project-config
522428,510437,congress,project-config
522428,510440,congress,openstack-zuul-jobs
522406,507963,puppet-tripleo,tripleo-heat-templates
522377,522320,project-config,aodh
522377,522366,project-config,aodh
522377,484923,project-config,aodh
522223,513275,requirements,project-config
522222,513275,requirements,project-config
522208,522101,python-novaclient,project-config
522208,522102,python-novaclient,openstack-zuul-jobs
522207,522101,python-novaclient,project-config
522207,522102,python-novaclient,openstack-zuul-jobs
522200,522197,project-config,openstack-zuul-jobs
522191,522197,blazar,openstack-zuul-jobs
522191,522200,blazar,project-config
522139,522166,project-config,governance
522108,511152,freezer-web-ui,project-config
522108,511151,freezer-web-ui,openstack-zuul-jobs
522101,522102,project-config,openstack-zuul-jobs
522099,522101,python-novaclient,project-config
522099,522102,python-novaclient,openstack-zuul-jobs
521749,521750,openstack-ansible,openstack-ansible-repo_server
521723,521779,python-cinderclient,project-config
521723,521787,python-cinderclient,openstack-zuul-jobs
521713,521714,project-config,openstack-zuul-jobs
521711,510437,congress,project-config
521711,510440,congress,openstack-zuul-jobs
521627,521713,patrole,project-config
521627,521714,patrole,openstack-zuul-jobs
521350,521349,project-config,openstack-zuul-jobs
521338,521339,heat,project-config
520978,509194,heat,project-config
520626,519533,oslo.messaging,project-config
520371,520370,neutron,neutron-tempest-plugin
519603,495291,masakari,masakari
519567,519578,project-config,governance
519328,519329,project-config,openstack-zuul-jobs
519289,513576,project-config,openstack-zuul-jobs
519212,519211,project-config,openstack-zuul-jobs
519198,520237,neutron,neutron-tempest-plugin
519075,519047,heat-dashboard,openstack-zuul-jobs
518761,506185,mistral-lib,mistral
518689,506185,mistral-lib,mistral
518355,513275,requirements,project-config
518354,513275,requirements,project-config
518351,518350,project-config,openstack-zuul-jobs
518349,518351,openstack-zuul-jobs,project-config
518348,513275,requirements,project-config
518340,513275,requirements,project-config
517898,517897,networking-odl,project-config
517768,517769,project-config,openstack-zuul-jobs
517767,517768,requirements,project-config
517763,517765,dib-utils,project-config
517762,517761,project-config,openstack-zuul-jobs
517760,517762,openstack-zuul-jobs,project-config
517758,517759,project-config,openstack-zuul-jobs
517577,517624,project-config,governance
517415,517416,project-config,openstack-zuul-jobs
517336,529379,project-config,project-config
517336,517339,project-config,governance
517250,517249,project-config,openstack-zuul-jobs
517217,510414,project-config,openstack-zuul-jobs
517212,517217,barbican-tempest-plugin,project-config
517193,517178,openstack-zuul-jobs,puppet-openstack-cookiecutter
517095,517087,project-config,openstack-zuul-jobs
517035,517036,project-config,openstack-zuul-jobs
516997,516996,openstack-zuul-jobs,project-config
516996,516998,project-config,openstack-zuul-jobs
516884,516877,project-config,governance
516874,516877,project-config,governance
516866,516858,openstack-zuul-jobs,project-config
516858,516972,project-config,openstack-zuul-jobs
516724,516744,project-config,openstack-zuul-jobs
516673,516684,project-config,governance
516503,516504,project-config,openstack-zuul-jobs
516449,532239,puppet-manila,tripleo-heat-templates
516449,522229,puppet-manila,tripleo-heat-templates
516437,516449,puppet-manila,puppet-manila
516228,516232,kuryr-libnetwork,zun
516010,516011,project-config,openstack-zuul-jobs
515791,515792,openstack-zuul-jobs,project-config
515607,515603,openstack-zuul-jobs,project-config
515492,515493,project-config,openstack-zuul-jobs
515408,521061,project-config,project-config
515341,515346,project-config,openstack-zuul-jobs
515332,515115,project-config,releases
514954,511341,project-config,python-monascaclient
514916,514918,project-config,openstack-zuul-jobs
514895,514625,project-config,requirements
514799,514321,project-config,openstack-zuul-jobs
514778,514792,project-config,openstack-zuul-jobs
514778,514792,project-config,openstack-zuul-jobs
514778,514792,project-config,openstack-zuul-jobs
514778,514792,project-config,openstack-zuul-jobs
514778,514792,project-config,openstack-zuul-jobs
514778,514792,project-config,openstack-zuul-jobs
514778,514792,project-config,openstack-zuul-jobs
514778,514792,project-config,openstack-zuul-jobs
514592,512635,project-config,openstack-zuul-jobs
514512,514513,project-config,openstack-zuul-jobs
514510,514512,pyeclib,project-config
514510,514513,pyeclib,openstack-zuul-jobs
514311,514310,project-config,openstack-zuul-jobs
514273,514271,project-config,openstack-zuul-jobs
514053,514054,project-config,openstack-zuul-jobs
514047,514048,project-config,openstack-zuul-jobs
513911,513912,project-config,openstack-zuul-jobs
513824,513823,project-config,openstack-zuul-jobs
513822,513824,openstack-zuul-jobs,project-config
513781,513785,project-config,openstack-zuul-jobs
513671,512987,horizon,zun-ui
513658,513657,project-config,openstack-zuul-jobs
513656,513658,networking-onos,project-config
513587,513589,project-config,openstack-zuul-jobs
513578,513579,project-config,openstack-zuul-jobs
513566,513568,project-config,openstack-zuul-jobs
513548,513550,project-config,openstack-zuul-jobs
513484,513485,project-config,openstack-zuul-jobs
513420,513587,heat-templates,project-config
513418,513578,python-heatclient,project-config
513317,513316,project-config,openstack-zuul-jobs
513314,513317,networking-calico,project-config
513297,513296,project-config,openstack-zuul-jobs
513275,513278,project-config,openstack-zuul-jobs
513249,513250,project-config,openstack-zuul-jobs
513228,513227,project-config,openstack-zuul-jobs
513224,513228,tap-as-a-service,project-config
513076,513075,project-config,openstack-zuul-jobs
512996,512995,project-config,openstack-zuul-jobs
512959,512958,project-config,openstack-zuul-jobs
512945,512943,project-config,openstack-zuul-jobs
512802,512765,openstack-zuul-jobs,project-config
512788,512787,project-config,releases
512761,512785,project-config,openstack-zuul-jobs
512653,530961,openstack-zuul-jobs,os-vif
512645,512644,project-config,openstack-zuul-jobs
512608,512645,networking-odl,project-config
512567,512566,project-config,openstack-zuul-jobs
512487,513275,requirements,project-config
512336,499951,neutron,networking-bagpipe
512238,512254,project-config,openstack-zuul-jobs
512197,512235,project-config,openstack-zuul-jobs
512010,512011,project-config,openstack-zuul-jobs
512009,512010,training-guides,project-config
511788,511789,project-config,openstack-zuul-jobs
511783,511784,project-config,openstack-zuul-jobs
511782,511783,oslo.versionedobjects,project-config
511782,511784,oslo.versionedobjects,openstack-zuul-jobs
511781,511780,project-config,openstack-zuul-jobs
511764,511763,project-config,openstack-zuul-jobs
511746,511745,openstack-zuul-jobs,project-config
511745,511747,project-config,openstack-zuul-jobs
511563,511564,project-config,openstack-zuul-jobs
511555,511557,project-config,openstack-zuul-jobs
511441,511440,project-config,openstack-zuul-jobs
511439,511438,project-config,openstack-zuul-jobs
511439,511438,project-config,openstack-zuul-jobs
511436,511435,project-config,openstack-zuul-jobs
511433,511432,project-config,openstack-zuul-jobs
511414,511412,project-config,openstack-zuul-jobs
511413,511414,oslo.db,project-config
511413,511412,oslo.db,openstack-zuul-jobs
511393,488247,neutron,neutron-vpnaas
511384,511385,project-config,openstack-zuul-jobs
511341,519162,python-monascaclient,python-monascaclient
511315,511290,project-config,openstack-zuul-jobs
511287,511289,project-config,openstack-zuul-jobs
511286,511287,openstackdocstheme,project-config
511280,481125,neutron,networking-bgpvpn
511216,507906,project-config,governance
511152,511151,project-config,openstack-zuul-jobs
511152,511151,project-config,openstack-zuul-jobs
511152,511151,project-config,openstack-zuul-jobs
511149,511150,project-config,openstack-zuul-jobs
511135,511152,freezer-web-ui,project-config
511135,511151,freezer-web-ui,openstack-zuul-jobs
511094,511152,freezer-api,project-config
511094,511151,freezer-api,openstack-zuul-jobs
511090,511152,freezer,project-config
511090,511151,freezer,openstack-zuul-jobs
511088,511087,project-config,openstack-zuul-jobs
511083,511088,cyborg,project-config
511083,511087,cyborg,openstack-zuul-jobs
510849,510848,project-config,openstack-zuul-jobs
510820,510824,project-config,openstack-zuul-jobs
510771,510773,project-config,openstack-zuul-jobs
510731,510732,project-config,openstack-zuul-jobs
510659,510661,project-config,openstack-zuul-jobs
510622,510623,project-config,openstack-zuul-jobs
510553,510552,project-config,governance
510459,510720,project-config,openstack-zuul-jobs
510437,510440,project-config,openstack-zuul-jobs
510432,510431,project-config,openstack-zuul-jobs
510422,510423,project-config,openstack-zuul-jobs
510395,510394,project-config,openstack-zuul-jobs
510008,510009,project-config,openstack-zuul-jobs
509987,509986,project-config,openstack-zuul-jobs
509970,509969,project-config,openstack-zuul-jobs
509937,510648,project-config,governance
509721,511439,murano-apps,project-config
509697,510437,congress,project-config
509697,510440,congress,openstack-zuul-jobs
509578,509579,project-config,openstack-zuul-jobs
509348,510390,barbican,project-config
509348,510414,barbican,openstack-zuul-jobs
509194,513576,project-config,openstack-zuul-jobs
509142,509194,heat,project-config
509140,509194,heat,project-config
509119,504166,project-config,governance
508861,513722,monasca-api,project-config
508708,508709,project-config,openstack-zuul-jobs
508659,670570,keystonemiddleware,neutron
508610,508609,project-config,openstack-zuul-jobs
508552,508556,project-config,openstack-zuul-jobs
508549,507180,openstack-zuul-jobs,project-config
508502,509238,project-config,governance
508489,508598,project-config,openstack-zuul-jobs
508259,507963,tripleo-common,tripleo-heat-templates
507963,510684,tripleo-heat-templates,puppet-tripleo
507963,510684,tripleo-heat-templates,puppet-tripleo
507963,510684,tripleo-heat-templates,puppet-tripleo
507905,507906,project-config,governance
506693,506385,project-config,openstack-zuul-jobs
504870,506550,project-config,governance
504104,504166,project-config,governance
503280,500109,neutron,networking-bagpipe
502224,502222,project-config,governance
501344,501337,project-config,governance
501311,501313,project-config,governance
501231,501230,project-config,governance
500964,518576,project-config,project-config
500675,500676,project-config,governance
499562,499568,project-config,governance
498796,498798,project-config,governance
498191,498192,manila-ui,manila-ui
498191,491448,manila-ui,manila-ui
498191,498192,manila-ui,manila-ui
498191,491448,manila-ui,manila-ui
498190,498191,manila-ui,manila-ui
498190,491434,manila-ui,manila-ui
498187,498188,python-manilaclient,python-manilaclient
498187,491428,python-manilaclient,python-manilaclient
498010,498011,manila,manila
498010,493663,manila,manila
498010,498011,manila,manila
498010,493663,manila,manila
498009,498010,manila,manila
498009,493689,manila,manila
498009,498010,manila,manila
498009,493689,manila,manila
498008,498009,manila,manila
498008,493687,manila,manila
498008,498009,manila,manila
498008,493687,manila,manila
498007,498008,manila,manila
498007,493592,manila,manila
498007,498008,manila,manila
498007,493592,manila,manila
498006,498007,manila,manila
498006,491737,manila,manila
498006,498007,manila,manila
498006,491737,manila,manila
498005,498006,manila,manila
498005,491092,manila,manila
496587,496595,openstack-ansible-galera_server,project-config
496587,496595,openstack-ansible-galera_server,project-config
496587,496595,openstack-ansible-galera_server,project-config
496131,496124,openstack-manuals,openstack-manuals
495381,498191,manila-ui,manila-ui
495381,491434,manila-ui,manila-ui
495176,491436,manila-image-elements,manila-image-elements
495169,498188,python-manilaclient,python-manilaclient
495169,491428,python-manilaclient,python-manilaclient
494194,493582,keystoneauth,shade
494064,494065,project-config,governance
493689,498011,manila,manila
493689,493663,manila,manila
493689,498011,manila,manila
493689,493663,manila,manila
493687,498010,manila,manila
493687,493689,manila,manila
493687,498010,manila,manila
493687,493689,manila,manila
493592,498009,manila,manila
493592,493687,manila,manila
493592,498009,manila,manila
493592,493687,manila,manila
493331,498006,manila,manila
493331,491092,manila,manila
492363,486833,charm-swift-storage,charm-swift-storage
492363,479751,charm-swift-storage,charm-swift-storage
491980,491232,project-config,governance
491737,498008,manila,manila
491737,493592,manila,manila
491737,498008,manila,manila
491737,493592,manila,manila
491436,491453,manila-image-elements,manila-image-elements
491436,491453,manila-image-elements,manila-image-elements
491434,498192,manila-ui,manila-ui
491434,491448,manila-ui,manila-ui
491434,498192,manila-ui,manila-ui
491434,491448,manila-ui,manila-ui
491412,491413,project-config,governance
491092,498007,manila,manila
491092,491737,manila,manila
491092,498007,manila,manila
491092,491737,manila,manila
490400,489557,project-config,governance
489946,489947,project-config,governance
489555,489548,governance,project-config
489173,490007,requirements,freezer-dr
489173,490016,requirements,heat
489173,490018,requirements,watcher
486303,486302,project-config,governance
486095,486107,project-config,governance
486005,480770,charm-neutron-api,charm-neutron-api
484332,484333,project-config,governance
483897,483900,project-config,governance
483507,496326,openstack-ansible-galera_server,project-config
483507,496326,openstack-ansible-galera_server,project-config
483507,496326,openstack-ansible-galera_server,project-config
483429,483428,project-config,governance
483118,492367,charm-keystone-ldap,charm-keystone-ldap
483118,464712,charm-keystone-ldap,charm-keystone-ldap
482873,482872,project-config,governance
482642,482640,os-brick,nova
482642,505556,os-brick,cinder
482113,527578,horizon,magnum-ui
482113,527610,horizon,senlin-dashboard
481158,481317,project-config,governance
481088,481125,neutron-lib,networking-bgpvpn
480884,479709,requirements,networking-bagpipe
480448,479169,project-config,monasca-events-api
479327,458386,monasca-kibana-plugin,monasca-log-api
478783,478779,project-config,barbican
477899,437889,project-config,monasca-log-api
477092,477083,openstack-ansible-lxc_hosts,openstack-ansible-os_keystone
476064,476912,django_openstack_auth,horizon
475835,475836,project-config,governance
475477,478877,openstack-ansible-tests,openstack-ansible-os_keystone
475477,476873,openstack-ansible-tests,openstack-ansible-os_keystone
475477,475115,openstack-ansible-tests,openstack-ansible-os_keystone
475429,475428,project-config,governance
475163,475164,project-config,governance
475080,480748,project-config,governance
474520,474518,horizon,zun-ui
474474,474477,project-config,governance
474107,474110,tripleo-heat-templates,puppet-tripleo
473700,451799,project-config,heat
472732,475350,project-config,governance
472154,539969,manila,manila-tempest-plugin
470235,470236,tripleo-common,project-config
469938,469977,project-config,governance
469666,475294,project-config,neutron
469666,469189,project-config,neutron
468943,468954,project-config,governance
468112,468188,project-config,governance
467339,467744,project-config,governance
467300,467296,project-config,governance
466295,619629,openstack-ansible-plugins,openstack-ansible
465803,465802,tripleo-common,tripleo-heat-templates
465413,447150,neutron-lib,neutron
464331,464255,nova,os-api-ref
464277,464255,nova,os-api-ref
463111,463211,monasca-agent,monasca-api
463111,463904,monasca-agent,monasca-agent
461962,461963,project-config,patrole
461897,462143,project-config,governance
461867,461841,project-config,tempest
461283,461284,devstack-gate,project-config
461194,461195,openstacksdk,python-openstackclient
461065,408008,networking-bgpvpn,networking-bagpipe
460506,479327,project-config,monasca-kibana-plugin
460506,459267,project-config,monasca-kibana-plugin
459762,459993,project-config,governance
459731,459746,project-config,python-gnocchiclient
459688,459689,project-config,manila
459267,458386,monasca-kibana-plugin,monasca-log-api
458605,458606,project-config,governance
458250,458261,project-config,governance
457341,457342,project-config,governance
457341,457342,project-config,governance
457275,457277,project-config,governance
456244,456245,project-config,governance
454818,454859,project-config,governance
454391,454400,project-config,releases
453690,453867,project-config,governance
453252,454288,project-config,governance
453251,454288,project-config,governance
452556,452548,project-config,governance
451601,451644,neutron,networking-sfc
451527,451534,neutron,networking-sfc
450685,450762,project-config,governance
449122,448528,tripleo-image-elements,tripleo-common
448537,448538,neutron-lib,neutron
448482,451227,project-config,governance
448115,448117,project-config,governance
447433,445037,networking-sfc,project-config
447358,447093,congress,tempest
447092,447093,congress,tempest
446797,445037,networking-sfc,project-config
446141,445037,networking-sfc,project-config
446140,445037,networking-sfc,project-config
445422,445423,zun-ui,project-config
444326,444325,project-config,governance
443618,443934,project-config,governance
442958,449175,releases,rpm-packaging
442958,418376,releases,rpm-packaging
442957,449175,monasca-api,rpm-packaging
442957,418376,monasca-api,rpm-packaging
442883,445037,networking-sfc,project-config
442882,445037,networking-sfc,project-config
442760,440635,neutron,project-config
442759,440635,neutron,project-config
442276,433429,horizon,zaqar-ui
442140,445037,networking-sfc,project-config
442002,442003,project-config,governance
441725,439668,project-config,networking-bgpvpn
441455,441455,releases,releases
441218,440635,neutron,project-config
440883,442953,project-config,requirements
440883,440443,project-config,requirements
440650,439877,patrole,patrole
440142,440952,project-config,governance
439577,449175,monasca-api,rpm-packaging
439577,418376,monasca-api,rpm-packaging
438907,439132,project-config,governance
438080,438086,project-config,governance
437165,437167,project-config,governance
437019,437020,project-config,trove
435589,435569,bifrost,project-config
435588,435569,bifrost,project-config
435586,435569,bifrost,project-config
435567,435569,bifrost,project-config
435320,347471,tempest,nova
434470,434474,devstack,devstack-gate
434083,426089,monasca-common,monasca-api
433425,433412,project-config,governance
431787,431138,tap-as-a-service,project-config
431471,431470,project-config,governance
431153,431154,tuning-box,project-config
431150,431154,tuning-box,project-config
431147,431148,mistral,project-config
431146,431148,mistral,project-config
431144,431148,mistral,project-config
431143,431148,mistral,project-config
431137,431138,tap-as-a-service,project-config
431136,431138,tap-as-a-service,project-config
431133,431134,taskflow,project-config
431132,431134,taskflow,project-config
431131,431134,taskflow,project-config
431129,431134,taskflow,project-config
430069,428636,cinder,project-config
430006,435116,rpm-packaging,rpm-packaging
430006,424919,rpm-packaging,rpm-packaging
429870,429868,tacker,project-config
429869,429868,tacker,project-config
429864,429868,tacker,project-config
429862,429858,oslo.db,project-config
429860,429858,oslo.db,project-config
429859,429858,oslo.db,project-config
429857,429858,oslo.db,project-config
429397,429392,nova,project-config
429396,429392,nova,project-config
429395,429392,nova,project-config
429391,429392,nova,project-config
429271,429265,sahara,project-config
429267,429265,sahara,project-config
429266,429265,sahara,project-config
429264,429265,sahara,project-config
429230,429233,networking-sfc,project-config
429229,429233,networking-sfc,project-config
429228,429233,networking-sfc,project-config
429226,429233,networking-midonet,project-config
429225,429233,networking-l2gw,project-config
429224,429233,networking-midonet,project-config
429223,429233,networking-l2gw,project-config
429222,429233,networking-midonet,project-config
429221,429233,networking-l2gw,project-config
429220,429233,networking-bgpvpn,project-config
429219,429233,networking-bgpvpn,project-config
429218,429233,networking-bgpvpn,project-config
429216,429233,networking-bagpipe,project-config
429215,429233,networking-bagpipe,project-config
429214,429233,networking-bagpipe,project-config
429211,429208,heat,project-config
429210,429208,heat,project-config
429209,429208,heat,project-config
429207,429208,heat,project-config
429054,429050,murano,project-config
429051,429050,murano,project-config
429049,429050,murano,project-config
429035,429033,manila,project-config
429034,429033,manila,project-config
429032,429033,manila,project-config
429030,429031,molteniron,project-config
429007,429005,ironic-inspector,project-config
429006,429005,ironic-inspector,project-config
429004,429005,ironic-inspector,project-config
429000,428995,ironic,project-config
428998,428995,ironic,project-config
428994,428995,ironic,project-config
428993,428988,glance,project-config
428989,428988,glance,project-config
428987,428988,glance,project-config
428986,428988,glance,project-config
428854,428851,designate,project-config
428853,428851,designate,project-config
428852,428851,designate,project-config
428850,428851,designate,project-config
428730,428796,project-config,governance
428639,428636,cinder,project-config
428637,428636,cinder,project-config
428598,428636,cinder,project-config
428353,428354,tooz,project-config
427899,427895,trove,project-config
427897,427895,trove,project-config
427894,427895,trove,project-config
427867,427868,blazar,project-config
427865,427863,keystone,project-config
427864,427863,keystone,project-config
427862,427863,keystone,project-config
427812,427819,project-config,governance
427730,427731,coverage2sql,project-config
427571,425559,project-config,monasca-log-api
427571,424017,project-config,project-config
426722,424017,monasca-log-api,project-config
426419,426859,project-config,governance
425756,425933,neutron,networking-bgpvpn
425559,424017,monasca-log-api,project-config
425152,424017,monasca-log-api,project-config
424552,416420,tripleo-common,tripleo-heat-templates
423126,423791,project-config,governance
422162,422169,project-config,governance
420754,420757,project-config,governance
420710,420713,project-config,governance
417855,417856,openstack-ansible-pip_install,openstack-ansible-tests
417855,411855,openstack-ansible-pip_install,openstack-ansible-tests
417693,417683,project-config,fairy-slipper
417683,417536,fairy-slipper,project-config
417536,417535,project-config,governance
416244,416252,project-config,governance
413969,413310,project-config,os-api-ref
412633,413153,project-config,governance
412553,413032,neutron,project-config
412405,412407,project-config,governance
411854,417856,openstack-ansible-pip_install,openstack-ansible-tests
411854,411855,openstack-ansible-pip_install,openstack-ansible-tests
411409,553819,neutron-lib,networking-sfc
411236,408008,neutron,networking-bagpipe
410937,410938,project-config,governance
409963,409964,governance,project-config
409317,409843,project-config,governance
409013,409015,monasca-analytics,project-config
407464,407465,project-config,governance
406643,406644,project-config,openstack-manuals
406642,406637,project-config,ceilometer
406346,406345,project-config,governance
405690,401807,devstack,tempest
404637,404636,project-config,governance
404170,404150,project-config,openstack-ansible
404170,391486,project-config,openstack-ansible
403757,403933,project-config,governance
403725,403724,project-config,governance
403557,402544,monasca-transform,requirements
402305,397731,monasca-api,monasca-log-api
401981,397731,monasca-statsd,monasca-log-api
401305,401337,project-config,governance
400785,370389,nova,js-openstack-lib
399644,429048,neutron-fwaas,neutron-fwaas
399644,391320,neutron-fwaas,neutron-fwaas
399644,430292,neutron-fwaas,neutron-fwaas
399644,391392,neutron-fwaas,neutron-fwaas
399562,375261,tripleo-ci,diskimage-builder
399562,322671,tripleo-ci,diskimage-builder
399148,399149,project-config,governance
398748,398785,project-config,governance
397781,397787,project-config,governance
397327,397328,project-config,governance
396903,396901,project-config,governance
395115,384559,oslo.utils,oslo.config
394680,394681,project-config,governance
393634,394276,project-config,governance
393027,393049,project-config,governance
391780,391784,project-config,governance
391770,161080,project-config,governance
391221,391223,project-config,governance
391209,391208,project-config,governance
390621,390622,project-config,governance
390406,390407,project-config,governance
390358,390631,project-config,governance
389388,351582,neutron-lib,python-neutronclient
388171,388174,project-config,governance
387913,387914,project-config,governance
385045,391367,neutron-lib,networking-sfc
385045,391372,neutron-lib,neutron-fwaas
385045,391584,neutron-lib,neutron
385045,401258,neutron-lib,tap-as-a-service
382167,382166,requirements,project-config
382166,382161,project-config,openstack-ansible-pip_lock_down
381394,381425,governance,project-config
380779,380780,project-config,governance
380329,444175,neutron,networking-bagpipe
380329,423518,neutron,networking-bagpipe
379989,379990,project-config,governance
376551,376554,project-config,governance
375851,375852,project-config,governance
374453,375742,neutron-fwaas,neutron-fwaas
374453,370274,neutron-fwaas,neutron-fwaas
372995,374200,project-config,horizon
372995,372616,project-config,horizon
372382,372389,project-config,governance
371967,372438,project-config,governance
371611,375742,neutron-fwaas,neutron-fwaas
371611,370274,neutron-fwaas,neutron-fwaas
371590,382760,project-config,governance
370432,370420,openstack-ansible-repo_build,openstack-ansible-plugins
370274,371749,neutron-fwaas,project-config
367345,369390,project-config,governance
366960,366961,project-config,governance
366879,366881,openstack-ansible,openstack-ansible-os_nova
366879,335113,openstack-ansible,openstack-ansible-os_nova
366779,366780,project-config,governance
366734,366737,project-config,governance
366729,367890,project-config,governance
366352,366351,project-config,governance
366337,366336,project-config,governance
366318,366319,project-config,governance
365864,365865,python-openstackclient,project-config
365517,365518,project-config,governance
365163,365164,project-config,governance
364892,412854,swift,project-config
364535,377816,project-config,governance
363595,363598,project-config,governance
363296,363849,project-config,governance
363297,363849,project-config,governance
362950,364307,project-config,governance
362732,362737,project-config,governance
362333,362334,project-config,governance
362096,362101,project-config,governance
360762,360767,project-config,governance
360721,360471,designate,designate-tempest-plugin
360613,360471,designate,designate-tempest-plugin
360530,358884,project-config,governance
360074,360140,project-config,governance
358883,358884,project-config,governance
358411,358407,project-config,requirements
358333,358334,project-config,governance
358259,358255,project-config,devstack
355892,352920,murano,murano-deployment
353861,353900,project-config,governance
353662,353690,project-config,governance
353304,353278,project-config,governance
352551,352550,project-config,release-tools
350612,350605,openstack-ansible-plugins,openstack-ansible
350612,350576,openstack-ansible-plugins,openstack-ansible
350612,350352,openstack-ansible-plugins,openstack-ansible
350503,350504,project-config,governance
350232,350226,openstack-ansible-os_tempest,openstack-ansible-os_nova
348998,349046,project-config,governance
348242,347400,openstack-ansible-lxc_container_create,openstack-ansible
347930,344912,openstack-ansible-plugins,openstack-ansible-repo_build
347930,345642,openstack-ansible-plugins,openstack-ansible-repo_build
347930,347930,openstack-ansible-plugins,openstack-ansible-plugins
347047,348077,project-config,governance
346863,345986,openstack-ansible-repo_build,openstack-ansible
346815,347471,tempest,nova
346674,346810,project-config,governance
344706,351757,murano-apps,project-config
344495,345061,project-config,governance
344493,345061,project-config,governance
344386,345061,project-config,governance
343095,343094,project-config,governance
343045,391853,neutron,dragonflow
342289,341509,project-config,requirements
341508,341509,project-config,requirements
341443,343510,project-config,governance
341372,341435,project-config,governance
341192,341193,project-config,governance
341176,341174,project-config,governance
340945,342381,project-config,governance
340844,340853,project-config,governance
340228,407775,neutron,networking-odl
339485,341421,project-config,governance
339246,337699,neutron,neutron-fwaas
338910,338912,project-config,requirements
335111,366881,openstack-ansible,openstack-ansible-os_nova
335111,335113,openstack-ansible,openstack-ansible-os_nova
335006,335453,project-config,governance
332151,339552,project-config,governance
331954,312315,swift,swift
331780,331787,project-config,governance
331582,332731,monasca-ui,monasca-ui
330403,330510,project-config,governance
330131,330133,django_openstack_auth,horizon
327945,327947,project-config,governance
327178,327173,project-config,governance
326720,326721,project-config,governance
325050,300698,governance,governance
325049,325050,project-config,governance
323785,323787,django_openstack_auth,horizon
323785,321640,django_openstack_auth,horizon
323173,323190,devstack,ironic
322811,329924,project-config,neutron-lbaas
322811,320998,project-config,neutron-lbaas
322812,320999,project-config,neutron-lbaas
321639,323787,django_openstack_auth,horizon
321639,321640,django_openstack_auth,horizon
319381,319382,project-config,governance
319335,319334,project-config,governance
319237,319238,project-config,governance
318836,317936,project-config,governance
317931,317936,project-config,governance
314765,312602,openstack-ansible-galera_client,openstack-ansible-galera_server
314342,315782,project-config,governance
314214,314215,project-config,governance
313981,314057,project-config,governance
313917,313918,project-config,governance
313549,429614,manila,python-manilaclient
313549,443102,manila,manila
313549,443101,manila,manila
312805,312806,project-config,governance
312592,312707,project-config,governance
312487,313261,project-config,governance
312272,312640,project-config,governance
311853,312102,project-config,governance
309808,309809,requirements,project-config
309472,309475,searchlight-ui,project-config
308662,308663,project-config,governance
308261,307880,project-config,horizon
307742,347946,project-config,governance
307323,307914,project-config,governance
306185,306186,project-config,governance
304948,301320,kolla,project-config
304689,304691,releases,requirements
304049,304055,project-config,governance
303414,301320,kolla,project-config
301363,301364,releases,requirements
301340,301572,project-config,governance
301219,301218,project-config,governance
300742,301313,project-config,governance
300605,298765,openstack-ansible,openstack-ansible-os_neutron
299932,300084,project-config,governance
299192,299208,project-config,governance
298603,298615,governance,project-config
297746,297803,project-config,governance
297395,297399,project-config,governance
295492,294822,tempest,keystone
294938,294246,project-config,keystone
293077,266368,project-config,horizon
291430,297786,project-config,freezer
291430,296361,project-config,freezer
291430,289443,project-config,freezer
288425,288428,releases,requirements
285493,340149,project-config,cinder
285493,285494,project-config,cinder
284368,285519,barbican,project-config
283373,283374,releases,requirements
282893,408686,project-config,glance
282893,282894,project-config,glance
280315,280305,governance,project-config
279074,281653,project-config,governance
277673,276096,tempest,neutron
277155,277154,project-config,devstack-gate
274102,274090,project-config,governance
272929,271914,project-config,kuryr
269567,286310,project-config,governance
269308,269287,project-config,governance
269122,269137,project-config,governance
268726,268727,project-config,governance
268275,268276,hacking,project-config
267196,281852,releases,requirements
267196,267195,releases,requirements
266937,266938,networking-midonet,devstack
266331,266452,project-config,governance
262062,260092,releases,requirements
261993,261994,keystone,project-config
260455,285270,project-config,governance
260090,260092,releases,requirements
259637,259639,project-config,governance
259239,260166,project-config,governance
256605,256607,project-config,governance
255349,295190,project-config,governance
252846,252878,project-config,governance
252214,253893,project-config,governance
251857,252959,project-config,governance
251738,254280,neutron,python-neutronclient
251738,273638,neutron,openstack-manuals
251738,274873,neutron,neutron
251738,275253,neutron,api-site
251738,277567,neutron,heat
251738,288392,neutron,neutron
249952,249953,releases,requirements
249521,249524,project-config,governance
248212,248076,releases,requirements
248075,248076,releases,requirements
247094,247095,project-config,governance
245352,259633,project-config,governance
239257,199363,release-tools,release-tools
224756,224759,django_openstack_auth,horizon
220555,220571,project-config,governance
220128,220129,project-config,governance
216506,216524,oslo.context,oslo.log
216506,216551,oslo.context,neutron
216496,216506,oslo.log,oslo.context
212349,212353,requirements,keystone
200782,200770,cue,cue
158863,158865,neutron,neutron-fwaas
157557,157559,neutron-fwaas,neutron
153229,153227,requirements,project-config
132546,136335,project-config,devstack
132546,136093,project-config,devstack
132546,132451,project-config,devstack
89873,89873,trove,trove
89873,110705,trove,trove-integration
89873,110711,trove,devstack
